<ImportExportXml version="9.2.23043.234" SolutionPackageVersion="9.2" languagecode="1046" generatedBy="CrmLive" xmlns:xsi="http://www.w3.org/2001/XMLSchema-instance">
  <SolutionManifest>
    <UniqueName>solucaocursandodevMSDyn365CE</UniqueName>
    <LocalizedNames>
      <LocalizedName description="solução cursando Desenvolvimento Ms Dynamics 365 CE" languagecode="1046" />
    </LocalizedNames>
    <Descriptions>
      <Description description="solução para o curso de desenvolvimento." languagecode="1046" />
    </Descriptions>
    <Version>1.0.1</Version>
    <Managed>0</Managed>
    <Publisher>
      <UniqueName>curso</UniqueName>
      <LocalizedNames>
        <LocalizedName description="Curso" languagecode="1046" />
      </LocalizedNames>
      <Descriptions />
      <EMailAddress xsi:nil="true"></EMailAddress>
      <SupportingWebsiteUrl xsi:nil="true"></SupportingWebsiteUrl>
      <CustomizationPrefix>curso</CustomizationPrefix>
      <CustomizationOptionValuePrefix>82566</CustomizationOptionValuePrefix>
      <Addresses>
        <Address>
          <AddressNumber>1</AddressNumber>
          <AddressTypeCode>1</AddressTypeCode>
          <City xsi:nil="true"></City>
          <County xsi:nil="true"></County>
          <Country xsi:nil="true"></Country>
          <Fax xsi:nil="true"></Fax>
          <FreightTermsCode xsi:nil="true"></FreightTermsCode>
          <ImportSequenceNumber xsi:nil="true"></ImportSequenceNumber>
          <Latitude xsi:nil="true"></Latitude>
          <Line1 xsi:nil="true"></Line1>
          <Line2 xsi:nil="true"></Line2>
          <Line3 xsi:nil="true"></Line3>
          <Longitude xsi:nil="true"></Longitude>
          <Name xsi:nil="true"></Name>
          <PostalCode xsi:nil="true"></PostalCode>
          <PostOfficeBox xsi:nil="true"></PostOfficeBox>
          <PrimaryContactName xsi:nil="true"></PrimaryContactName>
          <ShippingMethodCode>1</ShippingMethodCode>
          <StateOrProvince xsi:nil="true"></StateOrProvince>
          <Telephone1 xsi:nil="true"></Telephone1>
          <Telephone2 xsi:nil="true"></Telephone2>
          <Telephone3 xsi:nil="true"></Telephone3>
          <TimeZoneRuleVersionNumber xsi:nil="true"></TimeZoneRuleVersionNumber>
          <UPSZone xsi:nil="true"></UPSZone>
          <UTCOffset xsi:nil="true"></UTCOffset>
          <UTCConversionTimeZoneCode xsi:nil="true"></UTCConversionTimeZoneCode>
        </Address>
        <Address>
          <AddressNumber>2</AddressNumber>
          <AddressTypeCode>1</AddressTypeCode>
          <City xsi:nil="true"></City>
          <County xsi:nil="true"></County>
          <Country xsi:nil="true"></Country>
          <Fax xsi:nil="true"></Fax>
          <FreightTermsCode xsi:nil="true"></FreightTermsCode>
          <ImportSequenceNumber xsi:nil="true"></ImportSequenceNumber>
          <Latitude xsi:nil="true"></Latitude>
          <Line1 xsi:nil="true"></Line1>
          <Line2 xsi:nil="true"></Line2>
          <Line3 xsi:nil="true"></Line3>
          <Longitude xsi:nil="true"></Longitude>
          <Name xsi:nil="true"></Name>
          <PostalCode xsi:nil="true"></PostalCode>
          <PostOfficeBox xsi:nil="true"></PostOfficeBox>
          <PrimaryContactName xsi:nil="true"></PrimaryContactName>
          <ShippingMethodCode>1</ShippingMethodCode>
          <StateOrProvince xsi:nil="true"></StateOrProvince>
          <Telephone1 xsi:nil="true"></Telephone1>
          <Telephone2 xsi:nil="true"></Telephone2>
          <Telephone3 xsi:nil="true"></Telephone3>
          <TimeZoneRuleVersionNumber xsi:nil="true"></TimeZoneRuleVersionNumber>
          <UPSZone xsi:nil="true"></UPSZone>
          <UTCOffset xsi:nil="true"></UTCOffset>
          <UTCConversionTimeZoneCode xsi:nil="true"></UTCConversionTimeZoneCode>
        </Address>
      </Addresses>
    </Publisher>
    <RootComponents>
      <RootComponent type="1" schemaName="curso_alunos" behavior="0" />
      <RootComponent type="1" schemaName="curso_cursosdisponiveis" behavior="0" />
      <RootComponent type="1" schemaName="curso_cursosxinstrutores" behavior="0" />
      <RootComponent type="1" schemaName="curso_instrutores" behavior="0" />
      <RootComponent type="1" schemaName="curso_niveldoinstrutor" behavior="0" />
      <RootComponent type="29" id="{3ab6de93-6df4-ed11-8847-0022480b25aa}" behavior="0" />
      <RootComponent type="61" schemaName="curso_BibliotecaJS" behavior="0" />
      <RootComponent type="62" schemaName="curso_Treinamento" behavior="0" />
      <RootComponent type="80" schemaName="AppforOutlookModule" behavior="0" />
      <RootComponent type="80" schemaName="curso_Treinamento" behavior="0" />
      <RootComponent type="300" schemaName="new_appinstrutoreshabilitados_9a2a7" behavior="0" />
    </RootComponents>
    <MissingDependencies>
      <MissingDependency>
        <Required type="29" displayName="PowerApp -&gt; Enviar um email (V2)" solution="Active" id="{294c5061-d8fd-ed11-8f6e-000d3a37cbde}" />
        <Dependent type="300" schemaName="new_appinstrutoreshabilitados_9a2a7" displayName="AppInstrutoresHabilitados" />
      </MissingDependency>
      <MissingDependency>
        <Required type="61" schemaName="msdyn_/Images/AppModule_Default_Icon.png" displayName="msdyn_/Images/AppModule_Default_Icon.png" solution="AppModuleWebResources (2.5)" />
        <Dependent type="80" schemaName="curso_Treinamento" displayName="Treinamento" />
      </MissingDependency>
      <MissingDependency>
        <Required type="66" schemaName="MscrmControls.Canvas.CanvasControl" displayName="MscrmControls.Canvas.CanvasControl" solution="BaseCustomControlsCore (9.0.2304.3013)" />
        <Dependent type="60" displayName="Curso Dyn365CE" parentDisplayName="Cursos" id="{8ae77b75-73ad-4a3f-bc90-ee2c6f7c76ab}" />
      </MissingDependency>
      <MissingDependency>
        <Required type="80" schemaName="AppforOutlookModule" displayName="Dynamics 365 App for Outlook" solution="AppforOutlook (1.2.13.0)" />
        <Dependent type="80" schemaName="AppforOutlookModule" displayName="Dynamics 365 App for Outlook" />
      </MissingDependency>
    </MissingDependencies>
  </SolutionManifest>
</ImportExportXml>